<?xml version="1.0" encoding="UTF-8"?>

<blueprint xmlns="http://www.osgi.org/xmlns/blueprint/v1.0.0"
           xmlns:xsi="http://www.w3.org/2001/XMLSchema-instance"
           xmlns:jaxrs="http://cxf.apache.org/blueprint/jaxrs"
           xmlns:cxf="http://cxf.apache.org/blueprint/core"
           xsi:schemaLocation="
            http://www.osgi.org/xmlns/blueprint/v1.0.0 http://www.osgi.org/xmlns/blueprint/v1.0.0/blueprint.xsd
            http://cxf.apache.org/blueprint/jaxrs http://cxf.apache.org/schemas/blueprint/jaxrs.xsd
            http://cxf.apache.org/blueprint/core http://cxf.apache.org/schemas/blueprint/core.xsd
            ">

    <cxf:bus>
        <cxf:features>
            <cxf:logging/>
        </cxf:features>
    </cxf:bus>
    <jaxrs:server id="assigneeService" address="/assignee">
        <jaxrs:serviceBeans>
            <ref component-id="assigneeRest"/>
        </jaxrs:serviceBeans>
        <jaxrs:providers>
            <bean class="com.fasterxml.jackson.jaxrs.json.JacksonJsonProvider"/>
        </jaxrs:providers>
    </jaxrs:server>

    <bean id="assigneeRest" class="com.system.assignee.controller.AssigneeController"/>

</blueprint>

